pipeline_id,split,perturbation,perturbation_family,perturbation_level,case_count,auto_pass_rate,mean_monotonic_fraction,mean_violation_count,mean_spearman_rho,mean_expected_span,mean_max_unmasked_delta,mean_mask_area_fraction,mean_guard_l1_to_proxy,s_order,s_qa,e_crit,fragility_balanced,contact_sheet
P2_diffusion_exp06_rerun,val,nominal,none,nominal,2,0.0,0.375,2.5,-0.19999999999999998,1.6732280254364014,0.008684750479864067,0.24585068225860596,0.08934957512968342,0.38250000000000006,0.7,0.0,0.367,
P2_diffusion_exp06_rerun,val,mask_erode_low,mask_erode,low,2,0.0,0.375,2.5,0.2,2.1028285026550293,0.00846478331495278,0.23942942917346954,0.11469522341775353,0.4425,0.8,0.5,0.403,
P2_diffusion_exp06_rerun,val,mask_dilate_low,mask_dilate,low,2,0.0,0.375,2.5,-0.25,2.097131133079529,0.010715918672557941,0.25283166766166687,0.12956530411090664,0.375,0.4,1.0,0.69,
P2_diffusion_exp06_rerun,val,mask_shift_pos_low,mask_shift,low,2,0.0,0.75,1.0,0.6,2.088682532310486,0.009414864142491859,0.2460154891014099,0.11510092910012387,0.765,0.6000000000000001,0.5,0.354,
P2_diffusion_exp06_rerun,val,mask_shift_neg_low,mask_shift,low,2,0.0,0.5,2.0,-0.1,2.097934603691101,0.009388486626228229,0.24564483761787415,0.10538240189066539,0.485,0.8,0.0,0.28600000000000003,
P2_diffusion_exp06_rerun,val,target_noise_low,target_noise,low,2,0.0,0.5,2.0,0.0,1.2622383832931519,0.010254503725184303,0.24585068225860596,0.131737452794405,0.5,0.4,1.0,0.64,
P2_diffusion_exp06_rerun,val,brightness_up_low,brightness,low,2,0.0,0.5,2.0,0.0,1.4903272986412048,0.009003191503682794,0.24585068225860596,0.09670651991420386,0.5,0.7,0.0,0.32000000000000006,
P2_diffusion_exp06_rerun,val,brightness_down_low,brightness,low,2,0.0,0.5,2.0,-0.1,2.2921544909477234,0.009359339095607627,0.24585068225860596,0.13035159687755657,0.485,0.6000000000000001,1.0,0.5660000000000001,
P2_diffusion_exp06_rerun,val,contrast_up_low,contrast,low,2,0.0,0.625,1.5,-0.05,1.5953242778778076,0.009095007408664924,0.24585068225860596,0.10286643852323744,0.58,0.8,0.0,0.24800000000000003,
P2_diffusion_exp06_rerun,val,contrast_down_low,contrast,low,2,0.0,0.5,2.0,0.19999999999999998,2.2783610224723816,0.008774751035879515,0.24585068225860596,0.12554354697208991,0.53,0.8,1.0,0.468,
P2_diffusion_exp06_rerun,val,image_noise_low,image_noise,low,2,0.0,0.625,1.5,0.49999999999999994,2.2358734607696533,0.00893382417932401,0.24585068225860596,0.11243855106381427,0.6625,0.8,0.0,0.215,
P2_diffusion_exp06_rerun,val,parameter_noise_low,parameter_noise,low,2,0.0,0.5,2.0,0.5499999999999999,2.2019182443618774,0.010486916966882691,0.24585068225860596,0.11447140802297849,0.5825,0.4,1.0,0.607,
P2_diffusion_exp06_rerun,test,nominal,none,nominal,4,0.0,0.25,3.0,-0.5499999999999999,3.3418873250484467,0.029138201307672987,0.5163443684577942,0.15126158982562113,0.24250000000000002,0.4,1.0,0.7429999999999999,/home/tmushuru/datasets/alopecia_public/metadata/exp09_diffusion_perturbation_rerun_v1/test_P2_diffusion_exp06_rerun_nominal_contact_sheet.png
P2_diffusion_exp06_rerun,test,mask_erode_low,mask_erode,low,4,0.0,0.4375,2.25,0.024999999999999994,2.8384017646312714,0.028343051669918344,0.5063158273696899,0.1586861152823967,0.45999999999999996,0.4,1.0,0.656,
P2_diffusion_exp06_rerun,test,mask_dilate_low,mask_dilate,low,4,0.0,0.4375,2.25,1.0408340855860843e-17,2.7162603437900543,0.03154676325458702,0.5260797142982483,0.1571156758184281,0.45625000000000004,0.4,1.0,0.6575,
P2_diffusion_exp06_rerun,test,mask_shift_pos_low,mask_shift,low,4,0.0,0.5625,1.75,-0.175,2.5135095417499542,0.02848916985143525,0.5162428617477417,0.15309251426909876,0.5175000000000001,0.4,1.0,0.633,
P2_diffusion_exp06_rerun,test,mask_shift_neg_low,mask_shift,low,4,0.0,0.625,1.5,0.175,2.7827921211719513,0.02845449063780466,0.5164161920547485,0.1507589016328993,0.61375,0.4,1.0,0.5945,
P2_diffusion_exp06_rerun,test,target_noise_low,target_noise,low,4,0.0,0.4375,2.25,-0.25,2.473922908306122,0.028648686095304566,0.5163443684577942,0.18000633252145537,0.41874999999999996,0.35,1.0,0.6925000000000001,
P2_diffusion_exp06_rerun,test,brightness_up_low,brightness,low,4,0.0,0.5,2.0,0.12499999999999999,2.843911796808243,0.03095346936935002,0.5163443684577942,0.1648299777529967,0.51875,0.4,1.0,0.6325000000000001,
P2_diffusion_exp06_rerun,test,brightness_down_low,brightness,low,4,0.0,0.5,2.0,-0.375,2.629149228334427,0.02877583667153359,0.5163443684577942,0.16156525301244581,0.44375,0.4,1.0,0.6625000000000001,
P2_diffusion_exp06_rerun,test,contrast_up_low,contrast,low,4,0.0,0.5625,1.75,0.024999999999999994,2.491954743862152,0.032242021740372814,0.5163443684577942,0.1518905247313341,0.5475,0.4,1.0,0.621,
P2_diffusion_exp06_rerun,test,contrast_down_low,contrast,low,4,0.0,0.4375,2.25,5.551115123125783e-17,2.6066432297229767,0.028211775762392137,0.5163443684577942,0.16214657463461135,0.45624999999999993,0.4,1.0,0.6575,
P2_diffusion_exp06_rerun,test,image_noise_low,image_noise,low,4,0.0,0.5625,1.75,0.25,2.8028764724731445,0.02949947734345052,0.5163443684577942,0.15461730545106128,0.5812499999999999,0.4,1.0,0.6075,
P2_diffusion_exp06_rerun,test,parameter_noise_low,parameter_noise,low,4,0.0,0.375,2.5,-0.15,3.1899737417697906,0.028932612453954815,0.5163443684577942,0.15488796290124282,0.39,0.4,1.0,0.6839999999999999,
P2_diffusion_exp06_rerun,test,mask_erode_high,mask_erode,high,4,0.0,0.5625,1.75,0.5249999999999999,3.109332948923111,0.024775422215073766,0.4867517948150635,0.14785528484197957,0.6225,0.4,1.0,0.591,
P2_diffusion_exp06_rerun,test,mask_dilate_high,mask_dilate,high,4,0.0,0.375,2.5,-0.24999999999999997,2.318905383348465,0.03557201296291582,0.5460461378097534,0.15974293294566932,0.375,0.4,1.0,0.69,
P2_diffusion_exp06_rerun,test,mask_shift_pos_high,mask_shift,high,4,0.0,0.5,2.0,0.375,2.810444861650467,0.029452096587986563,0.5159199237823486,0.16057964618484027,0.55625,0.4,1.0,0.6174999999999999,/home/tmushuru/datasets/alopecia_public/metadata/exp09_diffusion_perturbation_rerun_v1/test_P2_diffusion_exp06_rerun_mask_shift_pos_high_contact_sheet.png
P2_diffusion_exp06_rerun,test,mask_shift_neg_high,mask_shift,high,4,0.0,0.5,2.0,0.02499999999999999,2.429741233587265,0.028863886826098598,0.5164870619773865,0.1414337567049835,0.50375,0.4,1.0,0.6385000000000001,
P2_diffusion_exp06_rerun,test,target_noise_high,target_noise,high,4,0.0,0.375,2.5,-0.375,1.6487809419631958,0.030956730035528252,0.5163443684577942,0.1886348622271166,0.35624999999999996,0.4,1.0,0.6975,
P2_diffusion_exp06_rerun,test,brightness_up_high,brightness,high,4,0.0,0.5625,1.75,0.5,2.3879079818725586,0.029001906103286228,0.5163443684577942,0.16586872076657921,0.61875,0.4,1.0,0.5925,/home/tmushuru/datasets/alopecia_public/metadata/exp09_diffusion_perturbation_rerun_v1/test_P2_diffusion_exp06_rerun_brightness_up_high_contact_sheet.png
P2_diffusion_exp06_rerun,test,brightness_down_high,brightness,high,4,0.0,0.4375,2.25,-0.24999999999999997,2.6471863389015198,0.030414429259150853,0.5163443684577942,0.1616262452207961,0.41875,0.4,1.0,0.6725000000000001,
P2_diffusion_exp06_rerun,test,contrast_up_high,contrast,high,4,0.0,0.5625,1.75,0.39999999999999997,2.9209960401058197,0.032034543882606896,0.5163443684577942,0.14984826428075476,0.60375,0.4,1.0,0.5985,
P2_diffusion_exp06_rerun,test,contrast_down_high,contrast,high,4,0.0,0.5,2.0,0.024999999999999994,2.7721546292304993,0.025555378743575854,0.5163443684577942,0.16894961453663374,0.5037499999999999,0.4,1.0,0.6385000000000001,
P2_diffusion_exp06_rerun,test,image_noise_high,image_noise,high,4,0.0,0.5625,1.75,0.22499999999999995,3.402804434299469,0.027863779559861565,0.5163443684577942,0.1445128600188718,0.5775,0.4,1.0,0.609,
P2_diffusion_exp06_rerun,test,parameter_noise_high,parameter_noise,high,4,0.0,0.4375,2.25,-0.07499999999999998,2.590251475572586,0.029654435368663717,0.5163443684577942,0.1542368586016158,0.445,0.4,1.0,0.6619999999999999,/home/tmushuru/datasets/alopecia_public/metadata/exp09_diffusion_perturbation_rerun_v1/test_P2_diffusion_exp06_rerun_parameter_noise_high_contact_sheet.png
